Term,Traveler,Traveler Family,Local WP | Truckee | Steamboat,Local Family WP | Truckee | Steamboat,Local Denver,Local Denver Family,Local Breck,Local Breck Family,Local Vail,Local Vail Family,All-In,All-In Family
12mo - Monthly charge,110,220,130,260,140,280,140,280,170,340,220,440
12mo - Annual charge,1320,2640,1560,3120,1680,3360,1680,3360,2040,4080,2640,5280
PIF Savings,132,264,156,312,168,336,168,336,204,408,264,528
12mo PIF Annual (10% off),1188,2376,1404,2808,1512,3024,1512,3024,1836,3672,2376,4752
12mo PIF Annual (20% off) Feb 2023 promo,1056,2112,1248,2496,1344,2688,1344,2688,1632,3264,2112,4224
12mo C1 Monthly,85,195,105,235,115,255,115,255,145,315,195,415
12mo C1 Annual,1020,2340,1260,2820,1380,3060,1380,3060,1740,3780,2340,4980
6mo - Monthly charge,150,260,170,340,180,360,180,360,210,420,260,520
6mo - Annual charge,900,1560,1020,2040,1080,2160,1080,2160,1260,2520,1560,3120
Savings,90,156,102,204,108,216,108,216,126,252,156,312
6mo PIF - 10%,810,1404,918,1836,972,1944,972,1944,1134,2268,1404,2808
1 PIF,,,340,680,360,720,360,720,420,840,,